Resume,Score
resume1.pdf,0.6876330375671387
resume2.pdf,0.5606797933578491
